filename,layers,seed,accuracy,patchability,sparsity,category,efficiency,connections,path,directory,score
model_cifar10_3layers_seed6_acc0.40_patch0.589_sparse0.010_BEST_ACCURACY_SPARSITY_0.010.pt,3,6,0.4,0.589,0.01,BEST_ACCURACY_SPARSITY_0.010,99.49060808659664,4020.48,data/promising_models/20250707_020152/model_cifar10_3layers_seed6_acc0.40_patch0.589_sparse0.010_BEST_ACCURACY_SPARSITY_0.010.pt,20250707_020152,0.8006221096674743
model_cifar10_3layers_seed6_acc0.40_patch0.589_sparse0.010_BEST_ACCURACY_GLOBAL.pt,3,6,0.4,0.589,0.01,BEST_ACCURACY_GLOBAL,99.49060808659664,4020.48,data/promising_models/20250707_020152/model_cifar10_3layers_seed6_acc0.40_patch0.589_sparse0.010_BEST_ACCURACY_GLOBAL.pt,20250707_020152,0.8006221096674743
model_cifar10_3layers_seed6_acc0.40_patch0.589_sparse0.010_BEST_PATCHABILITY_SPARSITY_0.010.pt,3,6,0.4,0.589,0.01,BEST_PATCHABILITY_SPARSITY_0.010,99.49060808659664,4020.48,data/promising_models/20250707_020152/model_cifar10_3layers_seed6_acc0.40_patch0.589_sparse0.010_BEST_PATCHABILITY_SPARSITY_0.010.pt,20250707_020152,0.8006221096674743
model_cifar10_3layers_seed6_acc0.40_patch0.589_sparse0.010_BEST_EFFICIENCY_SPARSITY_0.010.pt,3,6,0.4,0.589,0.01,BEST_EFFICIENCY_SPARSITY_0.010,99.49060808659664,4020.48,data/promising_models/20250707_020152/model_cifar10_3layers_seed6_acc0.40_patch0.589_sparse0.010_BEST_EFFICIENCY_SPARSITY_0.010.pt,20250707_020152,0.8006221096674743
model_cifar10_3layers_seed7_acc0.40_patch0.582_sparse0.010_BEST_ACCURACY_GLOBAL.pt,3,7,0.4,0.582,0.01,BEST_ACCURACY_GLOBAL,99.49060808659664,4020.48,data/promising_models/20250707_020938/model_cifar10_3layers_seed7_acc0.40_patch0.582_sparse0.010_BEST_ACCURACY_GLOBAL.pt,20250707_020938,0.798425456947809
model_cifar10_3layers_seed7_acc0.40_patch0.582_sparse0.010_BEST_PATCHABILITY_GLOBAL.pt,3,7,0.4,0.582,0.01,BEST_PATCHABILITY_GLOBAL,99.49060808659664,4020.48,data/promising_models/20250707_020938/model_cifar10_3layers_seed7_acc0.40_patch0.582_sparse0.010_BEST_PATCHABILITY_GLOBAL.pt,20250707_020938,0.798425456947809
model_cifar10_3layers_seed7_acc0.40_patch0.582_sparse0.010_BEST_ACCURACY_SPARSITY_0.010.pt,3,7,0.4,0.582,0.01,BEST_ACCURACY_SPARSITY_0.010,99.49060808659664,4020.48,data/promising_models/20250707_020938/model_cifar10_3layers_seed7_acc0.40_patch0.582_sparse0.010_BEST_ACCURACY_SPARSITY_0.010.pt,20250707_020938,0.798425456947809
model_cifar10_3layers_seed7_acc0.40_patch0.582_sparse0.010_BEST_EFFICIENCY_SPARSITY_0.010.pt,3,7,0.4,0.582,0.01,BEST_EFFICIENCY_SPARSITY_0.010,99.49060808659664,4020.48,data/promising_models/20250707_020938/model_cifar10_3layers_seed7_acc0.40_patch0.582_sparse0.010_BEST_EFFICIENCY_SPARSITY_0.010.pt,20250707_020938,0.798425456947809
model_cifar10_3layers_seed7_acc0.40_patch0.582_sparse0.010_BEST_PATCHABILITY_SPARSITY_0.010.pt,3,7,0.4,0.582,0.01,BEST_PATCHABILITY_SPARSITY_0.010,99.49060808659664,4020.48,data/promising_models/20250707_020938/model_cifar10_3layers_seed7_acc0.40_patch0.582_sparse0.010_BEST_PATCHABILITY_SPARSITY_0.010.pt,20250707_020938,0.798425456947809
model_cifar10_3layers_seed7_acc0.40_patch0.582_sparse0.010_BEST_EFFICIENCY_GLOBAL.pt,3,7,0.4,0.582,0.01,BEST_EFFICIENCY_GLOBAL,99.49060808659664,4020.48,data/promising_models/20250707_020938/model_cifar10_3layers_seed7_acc0.40_patch0.582_sparse0.010_BEST_EFFICIENCY_GLOBAL.pt,20250707_020938,0.798425456947809
model_cifar10_3layers_seed3_acc0.42_patch0.564_sparse0.012_BEST_PATCHABILITY_SPARSITY_0.012.pt,3,3,0.42,0.564,0.012,BEST_PATCHABILITY_SPARSITY_0.012,87.05428207577205,4824.576,data/promising_models/20250707_020938/model_cifar10_3layers_seed3_acc0.42_patch0.564_sparse0.012_BEST_PATCHABILITY_SPARSITY_0.012.pt,20250707_020938,0.7743160570047067
model_cifar10_3layers_seed3_acc0.42_patch0.564_sparse0.012_BEST_ACCURACY_GLOBAL.pt,3,3,0.42,0.564,0.012,BEST_ACCURACY_GLOBAL,87.05428207577205,4824.576,data/promising_models/20250707_020938/model_cifar10_3layers_seed3_acc0.42_patch0.564_sparse0.012_BEST_ACCURACY_GLOBAL.pt,20250707_020938,0.7743160570047067
model_cifar10_3layers_seed3_acc0.42_patch0.564_sparse0.012_BEST_ACCURACY_SPARSITY_0.012.pt,3,3,0.42,0.564,0.012,BEST_ACCURACY_SPARSITY_0.012,87.05428207577205,4824.576,data/promising_models/20250707_020938/model_cifar10_3layers_seed3_acc0.42_patch0.564_sparse0.012_BEST_ACCURACY_SPARSITY_0.012.pt,20250707_020938,0.7743160570047067
model_cifar10_3layers_seed3_acc0.42_patch0.564_sparse0.012_BEST_EFFICIENCY_SPARSITY_0.012.pt,3,3,0.42,0.564,0.012,BEST_EFFICIENCY_SPARSITY_0.012,87.05428207577205,4824.576,data/promising_models/20250707_020938/model_cifar10_3layers_seed3_acc0.42_patch0.564_sparse0.012_BEST_EFFICIENCY_SPARSITY_0.012.pt,20250707_020938,0.7743160570047067
model_cifar10_3layers_seed4_acc0.43_patch0.535_sparse0.014_BEST_PATCHABILITY_SPARSITY_0.014.pt,3,4,0.43,0.535,0.014,BEST_PATCHABILITY_SPARSITY_0.014,76.39457406649383,5628.6720000000005,data/promising_models/20250707_020938/model_cifar10_3layers_seed4_acc0.43_patch0.535_sparse0.014_BEST_PATCHABILITY_SPARSITY_0.014.pt,20250707_020938,0.741873243563685
model_cifar10_3layers_seed4_acc0.43_patch0.535_sparse0.014_BEST_EFFICIENCY_SPARSITY_0.014.pt,3,4,0.43,0.535,0.014,BEST_EFFICIENCY_SPARSITY_0.014,76.39457406649383,5628.6720000000005,data/promising_models/20250707_020938/model_cifar10_3layers_seed4_acc0.43_patch0.535_sparse0.014_BEST_EFFICIENCY_SPARSITY_0.014.pt,20250707_020938,0.741873243563685
model_cifar10_3layers_seed4_acc0.43_patch0.535_sparse0.014_BEST_ACCURACY_GLOBAL.pt,3,4,0.43,0.535,0.014,BEST_ACCURACY_GLOBAL,76.39457406649383,5628.6720000000005,data/promising_models/20250707_020938/model_cifar10_3layers_seed4_acc0.43_patch0.535_sparse0.014_BEST_ACCURACY_GLOBAL.pt,20250707_020938,0.741873243563685
model_cifar10_3layers_seed4_acc0.43_patch0.535_sparse0.014_BEST_ACCURACY_SPARSITY_0.014.pt,3,4,0.43,0.535,0.014,BEST_ACCURACY_SPARSITY_0.014,76.39457406649383,5628.6720000000005,data/promising_models/20250707_020938/model_cifar10_3layers_seed4_acc0.43_patch0.535_sparse0.014_BEST_ACCURACY_SPARSITY_0.014.pt,20250707_020938,0.741873243563685
model_cifar10_3layers_seed7_acc0.35_patch0.640_sparse0.010_BEST_ACCURACY_GLOBAL.pt,3,7,0.35,0.64,0.01,BEST_ACCURACY_GLOBAL,87.05428207577205,4020.48,data/promising_models/20250707_065048/model_cifar10_3layers_seed7_acc0.35_patch0.640_sparse0.010_BEST_ACCURACY_GLOBAL.pt,20250707_065048,0.7244812188633283
model_cifar10_3layers_seed7_acc0.35_patch0.640_sparse0.010_BEST_EFFICIENCY_GLOBAL.pt,3,7,0.35,0.64,0.01,BEST_EFFICIENCY_GLOBAL,87.05428207577205,4020.48,data/promising_models/20250707_065048/model_cifar10_3layers_seed7_acc0.35_patch0.640_sparse0.010_BEST_EFFICIENCY_GLOBAL.pt,20250707_065048,0.7244812188633283
model_cifar10_3layers_seed7_acc0.35_patch0.640_sparse0.010_BEST_PATCHABILITY_GLOBAL.pt,3,7,0.35,0.64,0.01,BEST_PATCHABILITY_GLOBAL,87.05428207577205,4020.48,data/promising_models/20250707_065048/model_cifar10_3layers_seed7_acc0.35_patch0.640_sparse0.010_BEST_PATCHABILITY_GLOBAL.pt,20250707_065048,0.7244812188633283
model_cifar10_3layers_seed7_acc0.35_patch0.640_sparse0.010_BEST_PATCHABILITY_SPARSITY_0.010.pt,3,7,0.35,0.64,0.01,BEST_PATCHABILITY_SPARSITY_0.010,87.05428207577205,4020.48,data/promising_models/20250707_065048/model_cifar10_3layers_seed7_acc0.35_patch0.640_sparse0.010_BEST_PATCHABILITY_SPARSITY_0.010.pt,20250707_065048,0.7244812188633283
model_cifar10_3layers_seed7_acc0.35_patch0.640_sparse0.010_BEST_EFFICIENCY_SPARSITY_0.010.pt,3,7,0.35,0.64,0.01,BEST_EFFICIENCY_SPARSITY_0.010,87.05428207577205,4020.48,data/promising_models/20250707_065048/model_cifar10_3layers_seed7_acc0.35_patch0.640_sparse0.010_BEST_EFFICIENCY_SPARSITY_0.010.pt,20250707_065048,0.7244812188633283
model_cifar10_3layers_seed7_acc0.35_patch0.640_sparse0.010_BEST_ACCURACY_SPARSITY_0.010.pt,3,7,0.35,0.64,0.01,BEST_ACCURACY_SPARSITY_0.010,87.05428207577205,4020.48,data/promising_models/20250707_065048/model_cifar10_3layers_seed7_acc0.35_patch0.640_sparse0.010_BEST_ACCURACY_SPARSITY_0.010.pt,20250707_065048,0.7244812188633283
model_cifar10_3layers_seed8_acc0.44_patch0.521_sparse0.016_BEST_EFFICIENCY_SPARSITY_0.016.pt,3,8,0.44,0.521,0.016,BEST_EFFICIENCY_SPARSITY_0.016,68.39979305953518,6432.768,data/promising_models/20250707_020938/model_cifar10_3layers_seed8_acc0.44_patch0.521_sparse0.016_BEST_EFFICIENCY_SPARSITY_0.016.pt,20250707_020938,0.722604720798488
model_cifar10_3layers_seed8_acc0.44_patch0.521_sparse0.016_BEST_ACCURACY_SPARSITY_0.016.pt,3,8,0.44,0.521,0.016,BEST_ACCURACY_SPARSITY_0.016,68.39979305953518,6432.768,data/promising_models/20250707_020938/model_cifar10_3layers_seed8_acc0.44_patch0.521_sparse0.016_BEST_ACCURACY_SPARSITY_0.016.pt,20250707_020938,0.722604720798488
model_cifar10_3layers_seed8_acc0.44_patch0.521_sparse0.016_BEST_ACCURACY_GLOBAL.pt,3,8,0.44,0.521,0.016,BEST_ACCURACY_GLOBAL,68.39979305953518,6432.768,data/promising_models/20250707_020938/model_cifar10_3layers_seed8_acc0.44_patch0.521_sparse0.016_BEST_ACCURACY_GLOBAL.pt,20250707_020938,0.722604720798488
model_cifar10_3layers_seed8_acc0.44_patch0.521_sparse0.016_BEST_PATCHABILITY_SPARSITY_0.016.pt,3,8,0.44,0.521,0.016,BEST_PATCHABILITY_SPARSITY_0.016,68.39979305953518,6432.768,data/promising_models/20250707_020938/model_cifar10_3layers_seed8_acc0.44_patch0.521_sparse0.016_BEST_PATCHABILITY_SPARSITY_0.016.pt,20250707_020938,0.722604720798488
model_cifar10_3layers_seed8_acc0.44_patch0.516_sparse0.018_BEST_PATCHABILITY_SPARSITY_0.018.pt,3,8,0.44,0.516,0.018,BEST_PATCHABILITY_SPARSITY_0.018,60.79981605292016,7236.864,data/promising_models/20250707_020938/model_cifar10_3layers_seed8_acc0.44_patch0.516_sparse0.018_BEST_PATCHABILITY_SPARSITY_0.018.pt,20250707_020938,0.6968885467232978
model_cifar10_3layers_seed8_acc0.44_patch0.516_sparse0.018_BEST_EFFICIENCY_SPARSITY_0.018.pt,3,8,0.44,0.516,0.018,BEST_EFFICIENCY_SPARSITY_0.018,60.79981605292016,7236.864,data/promising_models/20250707_020938/model_cifar10_3layers_seed8_acc0.44_patch0.516_sparse0.018_BEST_EFFICIENCY_SPARSITY_0.018.pt,20250707_020938,0.6968885467232978
model_cifar10_3layers_seed8_acc0.44_patch0.516_sparse0.018_BEST_ACCURACY_GLOBAL.pt,3,8,0.44,0.516,0.018,BEST_ACCURACY_GLOBAL,60.79981605292016,7236.864,data/promising_models/20250707_020938/model_cifar10_3layers_seed8_acc0.44_patch0.516_sparse0.018_BEST_ACCURACY_GLOBAL.pt,20250707_020938,0.6968885467232978
model_cifar10_3layers_seed8_acc0.44_patch0.516_sparse0.018_BEST_ACCURACY_SPARSITY_0.018.pt,3,8,0.44,0.516,0.018,BEST_ACCURACY_SPARSITY_0.018,60.79981605292016,7236.864,data/promising_models/20250707_020938/model_cifar10_3layers_seed8_acc0.44_patch0.516_sparse0.018_BEST_ACCURACY_SPARSITY_0.018.pt,20250707_020938,0.6968885467232978
model_cifar10_3layers_seed9_acc0.45_patch0.493_sparse0.020_BEST_EFFICIENCY_SPARSITY_0.020.pt,3,9,0.45,0.493,0.02,BEST_EFFICIENCY_SPARSITY_0.020,55.963467048710605,8040.96,data/promising_models/20250707_020152/model_cifar10_3layers_seed9_acc0.45_patch0.493_sparse0.020_BEST_EFFICIENCY_SPARSITY_0.020.pt,20250707_020152,0.6848309297521048
model_cifar10_3layers_seed9_acc0.45_patch0.493_sparse0.020_BEST_ACCURACY_GLOBAL.pt,3,9,0.45,0.493,0.02,BEST_ACCURACY_GLOBAL,55.963467048710605,8040.96,data/promising_models/20250707_020152/model_cifar10_3layers_seed9_acc0.45_patch0.493_sparse0.020_BEST_ACCURACY_GLOBAL.pt,20250707_020152,0.6848309297521048
model_cifar10_3layers_seed9_acc0.45_patch0.493_sparse0.020_BEST_PATCHABILITY_SPARSITY_0.020.pt,3,9,0.45,0.493,0.02,BEST_PATCHABILITY_SPARSITY_0.020,55.963467048710605,8040.96,data/promising_models/20250707_020152/model_cifar10_3layers_seed9_acc0.45_patch0.493_sparse0.020_BEST_PATCHABILITY_SPARSITY_0.020.pt,20250707_020152,0.6848309297521048
model_cifar10_3layers_seed9_acc0.45_patch0.493_sparse0.020_BEST_ACCURACY_SPARSITY_0.020.pt,3,9,0.45,0.493,0.02,BEST_ACCURACY_SPARSITY_0.020,55.963467048710605,8040.96,data/promising_models/20250707_020152/model_cifar10_3layers_seed9_acc0.45_patch0.493_sparse0.020_BEST_ACCURACY_SPARSITY_0.020.pt,20250707_020152,0.6848309297521048
model_cifar10_3layers_seed8_acc0.44_patch0.502_sparse0.020_BEST_EFFICIENCY_SPARSITY_0.020.pt,3,8,0.44,0.502,0.02,BEST_EFFICIENCY_SPARSITY_0.020,54.719834447628145,8040.96,data/promising_models/20250707_020938/model_cifar10_3layers_seed8_acc0.44_patch0.502_sparse0.020_BEST_EFFICIENCY_SPARSITY_0.020.pt,20250707_020938,0.6731775321493383
model_cifar10_3layers_seed8_acc0.44_patch0.502_sparse0.020_BEST_ACCURACY_SPARSITY_0.020.pt,3,8,0.44,0.502,0.02,BEST_ACCURACY_SPARSITY_0.020,54.719834447628145,8040.96,data/promising_models/20250707_020938/model_cifar10_3layers_seed8_acc0.44_patch0.502_sparse0.020_BEST_ACCURACY_SPARSITY_0.020.pt,20250707_020938,0.6731775321493383
model_cifar10_3layers_seed8_acc0.44_patch0.502_sparse0.020_BEST_ACCURACY_GLOBAL.pt,3,8,0.44,0.502,0.02,BEST_ACCURACY_GLOBAL,54.719834447628145,8040.96,data/promising_models/20250707_020938/model_cifar10_3layers_seed8_acc0.44_patch0.502_sparse0.020_BEST_ACCURACY_GLOBAL.pt,20250707_020938,0.6731775321493383
model_cifar10_3layers_seed8_acc0.44_patch0.502_sparse0.020_BEST_PATCHABILITY_SPARSITY_0.020.pt,3,8,0.44,0.502,0.02,BEST_PATCHABILITY_SPARSITY_0.020,54.719834447628145,8040.96,data/promising_models/20250707_020938/model_cifar10_3layers_seed8_acc0.44_patch0.502_sparse0.020_BEST_PATCHABILITY_SPARSITY_0.020.pt,20250707_020938,0.6731775321493383
model_cifar10_3layers_seed11_acc0.45_patch0.488_sparse0.022_BEST_ACCURACY_SPARSITY_0.022.pt,3,11,0.45,0.488,0.022,BEST_ACCURACY_SPARSITY_0.022,50.87587913519147,8845.055999999999,data/promising_models/20250707_020938/model_cifar10_3layers_seed11_acc0.45_patch0.488_sparse0.022_BEST_ACCURACY_SPARSITY_0.022.pt,20250707_020938,0.6670972801127119
model_cifar10_3layers_seed11_acc0.45_patch0.488_sparse0.022_BEST_EFFICIENCY_SPARSITY_0.022.pt,3,11,0.45,0.488,0.022,BEST_EFFICIENCY_SPARSITY_0.022,50.87587913519147,8845.055999999999,data/promising_models/20250707_020938/model_cifar10_3layers_seed11_acc0.45_patch0.488_sparse0.022_BEST_EFFICIENCY_SPARSITY_0.022.pt,20250707_020938,0.6670972801127119
model_cifar10_3layers_seed11_acc0.45_patch0.488_sparse0.022_BEST_ACCURACY_GLOBAL.pt,3,11,0.45,0.488,0.022,BEST_ACCURACY_GLOBAL,50.87587913519147,8845.055999999999,data/promising_models/20250707_020938/model_cifar10_3layers_seed11_acc0.45_patch0.488_sparse0.022_BEST_ACCURACY_GLOBAL.pt,20250707_020938,0.6670972801127119
model_cifar10_3layers_seed11_acc0.45_patch0.488_sparse0.022_BEST_PATCHABILITY_SPARSITY_0.022.pt,3,11,0.45,0.488,0.022,BEST_PATCHABILITY_SPARSITY_0.022,50.87587913519147,8845.055999999999,data/promising_models/20250707_020938/model_cifar10_3layers_seed11_acc0.45_patch0.488_sparse0.022_BEST_PATCHABILITY_SPARSITY_0.022.pt,20250707_020938,0.6670972801127119
model_cifar10_3layers_seed3_acc0.45_patch0.465_sparse0.024_BEST_ACCURACY_GLOBAL.pt,3,3,0.45,0.465,0.024,BEST_ACCURACY_GLOBAL,46.63622254059217,9649.152,data/promising_models/20250707_020938/model_cifar10_3layers_seed3_acc0.45_patch0.465_sparse0.024_BEST_ACCURACY_GLOBAL.pt,20250707_020938,0.6464091969055468
model_cifar10_3layers_seed3_acc0.45_patch0.465_sparse0.024_BEST_ACCURACY_SPARSITY_0.024.pt,3,3,0.45,0.465,0.024,BEST_ACCURACY_SPARSITY_0.024,46.63622254059217,9649.152,data/promising_models/20250707_020938/model_cifar10_3layers_seed3_acc0.45_patch0.465_sparse0.024_BEST_ACCURACY_SPARSITY_0.024.pt,20250707_020938,0.6464091969055468
model_cifar10_3layers_seed3_acc0.45_patch0.465_sparse0.024_BEST_PATCHABILITY_SPARSITY_0.024.pt,3,3,0.45,0.465,0.024,BEST_PATCHABILITY_SPARSITY_0.024,46.63622254059217,9649.152,data/promising_models/20250707_020938/model_cifar10_3layers_seed3_acc0.45_patch0.465_sparse0.024_BEST_PATCHABILITY_SPARSITY_0.024.pt,20250707_020938,0.6464091969055468
model_cifar10_3layers_seed3_acc0.45_patch0.465_sparse0.024_BEST_EFFICIENCY_SPARSITY_0.024.pt,3,3,0.45,0.465,0.024,BEST_EFFICIENCY_SPARSITY_0.024,46.63622254059217,9649.152,data/promising_models/20250707_020938/model_cifar10_3layers_seed3_acc0.45_patch0.465_sparse0.024_BEST_EFFICIENCY_SPARSITY_0.024.pt,20250707_020938,0.6464091969055468
model_cifar10_3layers_seed10_acc0.46_patch0.447_sparse0.026_BEST_ACCURACY_SPARSITY_0.026.pt,3,10,0.46,0.447,0.026,BEST_ACCURACY_SPARSITY_0.026,44.00546126907159,10453.248,data/promising_models/20250707_020938/model_cifar10_3layers_seed10_acc0.46_patch0.447_sparse0.026_BEST_ACCURACY_SPARSITY_0.026.pt,20250707_020938,0.6429283529853754
model_cifar10_3layers_seed10_acc0.46_patch0.447_sparse0.026_BEST_ACCURACY_GLOBAL.pt,3,10,0.46,0.447,0.026,BEST_ACCURACY_GLOBAL,44.00546126907159,10453.248,data/promising_models/20250707_020938/model_cifar10_3layers_seed10_acc0.46_patch0.447_sparse0.026_BEST_ACCURACY_GLOBAL.pt,20250707_020938,0.6429283529853754
model_cifar10_3layers_seed10_acc0.46_patch0.447_sparse0.026_BEST_PATCHABILITY_SPARSITY_0.026.pt,3,10,0.46,0.447,0.026,BEST_PATCHABILITY_SPARSITY_0.026,44.00546126907159,10453.248,data/promising_models/20250707_020938/model_cifar10_3layers_seed10_acc0.46_patch0.447_sparse0.026_BEST_PATCHABILITY_SPARSITY_0.026.pt,20250707_020938,0.6429283529853754
model_cifar10_3layers_seed10_acc0.46_patch0.447_sparse0.026_BEST_EFFICIENCY_SPARSITY_0.026.pt,3,10,0.46,0.447,0.026,BEST_EFFICIENCY_SPARSITY_0.026,44.00546126907159,10453.248,data/promising_models/20250707_020938/model_cifar10_3layers_seed10_acc0.46_patch0.447_sparse0.026_BEST_EFFICIENCY_SPARSITY_0.026.pt,20250707_020938,0.6429283529853754
model_cifar10_3layers_seed7_acc0.46_patch0.441_sparse0.028_BEST_PATCHABILITY_SPARSITY_0.028.pt,3,7,0.46,0.441,0.028,BEST_PATCHABILITY_SPARSITY_0.028,40.86221403556647,11257.344000000001,data/promising_models/20250707_020938/model_cifar10_3layers_seed7_acc0.46_patch0.441_sparse0.028_BEST_PATCHABILITY_SPARSITY_0.028.pt,20250707_020938,0.63105858024747
model_cifar10_3layers_seed7_acc0.46_patch0.441_sparse0.028_BEST_ACCURACY_GLOBAL.pt,3,7,0.46,0.441,0.028,BEST_ACCURACY_GLOBAL,40.86221403556647,11257.344000000001,data/promising_models/20250707_020938/model_cifar10_3layers_seed7_acc0.46_patch0.441_sparse0.028_BEST_ACCURACY_GLOBAL.pt,20250707_020938,0.63105858024747
model_cifar10_3layers_seed7_acc0.46_patch0.441_sparse0.028_BEST_EFFICIENCY_SPARSITY_0.028.pt,3,7,0.46,0.441,0.028,BEST_EFFICIENCY_SPARSITY_0.028,40.86221403556647,11257.344000000001,data/promising_models/20250707_020938/model_cifar10_3layers_seed7_acc0.46_patch0.441_sparse0.028_BEST_EFFICIENCY_SPARSITY_0.028.pt,20250707_020938,0.63105858024747
model_cifar10_3layers_seed7_acc0.46_patch0.441_sparse0.028_BEST_ACCURACY_SPARSITY_0.028.pt,3,7,0.46,0.441,0.028,BEST_ACCURACY_SPARSITY_0.028,40.86221403556647,11257.344000000001,data/promising_models/20250707_020938/model_cifar10_3layers_seed7_acc0.46_patch0.441_sparse0.028_BEST_ACCURACY_SPARSITY_0.028.pt,20250707_020938,0.63105858024747
model_cifar10_3layers_seed8_acc0.46_patch0.435_sparse0.030_BEST_ACCURACY_SPARSITY_0.030.pt,3,8,0.46,0.435,0.03,BEST_ACCURACY_SPARSITY_0.030,38.138066433195384,12061.439999999999,data/promising_models/20250707_020938/model_cifar10_3layers_seed8_acc0.46_patch0.435_sparse0.030_BEST_ACCURACY_SPARSITY_0.030.pt,20250707_020938,0.6205203978495141
model_cifar10_3layers_seed8_acc0.46_patch0.435_sparse0.030_BEST_EFFICIENCY_SPARSITY_0.030.pt,3,8,0.46,0.435,0.03,BEST_EFFICIENCY_SPARSITY_0.030,38.138066433195384,12061.439999999999,data/promising_models/20250707_020938/model_cifar10_3layers_seed8_acc0.46_patch0.435_sparse0.030_BEST_EFFICIENCY_SPARSITY_0.030.pt,20250707_020938,0.6205203978495141
model_cifar10_3layers_seed8_acc0.46_patch0.435_sparse0.030_BEST_PATCHABILITY_SPARSITY_0.030.pt,3,8,0.46,0.435,0.03,BEST_PATCHABILITY_SPARSITY_0.030,38.138066433195384,12061.439999999999,data/promising_models/20250707_020938/model_cifar10_3layers_seed8_acc0.46_patch0.435_sparse0.030_BEST_PATCHABILITY_SPARSITY_0.030.pt,20250707_020938,0.6205203978495141
model_cifar10_3layers_seed8_acc0.46_patch0.435_sparse0.030_BEST_ACCURACY_GLOBAL.pt,3,8,0.46,0.435,0.03,BEST_ACCURACY_GLOBAL,38.138066433195384,12061.439999999999,data/promising_models/20250707_020938/model_cifar10_3layers_seed8_acc0.46_patch0.435_sparse0.030_BEST_ACCURACY_GLOBAL.pt,20250707_020938,0.6205203978495141
model_cifar10_3layers_seed6_acc0.47_patch0.406_sparse0.036_BEST_ACCURACY_SPARSITY_0.036.pt,3,6,0.47,0.406,0.036,BEST_ACCURACY_SPARSITY_0.036,32.47262902826417,14473.728,data/promising_models/20250707_020938/model_cifar10_3layers_seed6_acc0.47_patch0.406_sparse0.036_BEST_ACCURACY_SPARSITY_0.036.pt,20250707_020938,0.6039457026262234
model_cifar10_3layers_seed6_acc0.47_patch0.406_sparse0.036_BEST_PATCHABILITY_SPARSITY_0.036.pt,3,6,0.47,0.406,0.036,BEST_PATCHABILITY_SPARSITY_0.036,32.47262902826417,14473.728,data/promising_models/20250707_020938/model_cifar10_3layers_seed6_acc0.47_patch0.406_sparse0.036_BEST_PATCHABILITY_SPARSITY_0.036.pt,20250707_020938,0.6039457026262234
model_cifar10_3layers_seed6_acc0.47_patch0.406_sparse0.036_BEST_ACCURACY_GLOBAL.pt,3,6,0.47,0.406,0.036,BEST_ACCURACY_GLOBAL,32.47262902826417,14473.728,data/promising_models/20250707_020938/model_cifar10_3layers_seed6_acc0.47_patch0.406_sparse0.036_BEST_ACCURACY_GLOBAL.pt,20250707_020938,0.6039457026262234
model_cifar10_3layers_seed6_acc0.47_patch0.406_sparse0.036_BEST_EFFICIENCY_SPARSITY_0.036.pt,3,6,0.47,0.406,0.036,BEST_EFFICIENCY_SPARSITY_0.036,32.47262902826417,14473.728,data/promising_models/20250707_020938/model_cifar10_3layers_seed6_acc0.47_patch0.406_sparse0.036_BEST_EFFICIENCY_SPARSITY_0.036.pt,20250707_020938,0.6039457026262234
model_cifar10_3layers_seed13_acc0.46_patch0.405_sparse0.032_BEST_EFFICIENCY_SPARSITY_0.032.pt,3,13,0.46,0.405,0.032,BEST_EFFICIENCY_SPARSITY_0.032,35.754437281120666,12865.536,data/promising_models/20250707_020938/model_cifar10_3layers_seed13_acc0.46_patch0.405_sparse0.032_BEST_EFFICIENCY_SPARSITY_0.032.pt,20250707_020938,0.603532751849629
model_cifar10_3layers_seed13_acc0.46_patch0.405_sparse0.032_BEST_PATCHABILITY_SPARSITY_0.032.pt,3,13,0.46,0.405,0.032,BEST_PATCHABILITY_SPARSITY_0.032,35.754437281120666,12865.536,data/promising_models/20250707_020938/model_cifar10_3layers_seed13_acc0.46_patch0.405_sparse0.032_BEST_PATCHABILITY_SPARSITY_0.032.pt,20250707_020938,0.603532751849629
model_cifar10_3layers_seed13_acc0.46_patch0.405_sparse0.032_BEST_ACCURACY_GLOBAL.pt,3,13,0.46,0.405,0.032,BEST_ACCURACY_GLOBAL,35.754437281120666,12865.536,data/promising_models/20250707_020938/model_cifar10_3layers_seed13_acc0.46_patch0.405_sparse0.032_BEST_ACCURACY_GLOBAL.pt,20250707_020938,0.603532751849629
model_cifar10_3layers_seed13_acc0.46_patch0.405_sparse0.032_BEST_ACCURACY_SPARSITY_0.032.pt,3,13,0.46,0.405,0.032,BEST_ACCURACY_SPARSITY_0.032,35.754437281120666,12865.536,data/promising_models/20250707_020938/model_cifar10_3layers_seed13_acc0.46_patch0.405_sparse0.032_BEST_ACCURACY_SPARSITY_0.032.pt,20250707_020938,0.603532751849629
model_cifar10_3layers_seed4_acc0.46_patch0.407_sparse0.034_BEST_PATCHABILITY_SPARSITY_0.034.pt,3,4,0.46,0.407,0.034,BEST_PATCHABILITY_SPARSITY_0.034,33.651235088113566,13669.632000000001,data/promising_models/20250707_020938/model_cifar10_3layers_seed4_acc0.46_patch0.407_sparse0.034_BEST_PATCHABILITY_SPARSITY_0.034.pt,20250707_020938,0.5974779374490411
model_cifar10_3layers_seed4_acc0.46_patch0.407_sparse0.034_BEST_ACCURACY_GLOBAL.pt,3,4,0.46,0.407,0.034,BEST_ACCURACY_GLOBAL,33.651235088113566,13669.632000000001,data/promising_models/20250707_020938/model_cifar10_3layers_seed4_acc0.46_patch0.407_sparse0.034_BEST_ACCURACY_GLOBAL.pt,20250707_020938,0.5974779374490411
model_cifar10_3layers_seed4_acc0.46_patch0.407_sparse0.034_BEST_EFFICIENCY_SPARSITY_0.034.pt,3,4,0.46,0.407,0.034,BEST_EFFICIENCY_SPARSITY_0.034,33.651235088113566,13669.632000000001,data/promising_models/20250707_020938/model_cifar10_3layers_seed4_acc0.46_patch0.407_sparse0.034_BEST_EFFICIENCY_SPARSITY_0.034.pt,20250707_020938,0.5974779374490411
model_cifar10_3layers_seed4_acc0.46_patch0.407_sparse0.034_BEST_ACCURACY_SPARSITY_0.034.pt,3,4,0.46,0.407,0.034,BEST_ACCURACY_SPARSITY_0.034,33.651235088113566,13669.632000000001,data/promising_models/20250707_020938/model_cifar10_3layers_seed4_acc0.46_patch0.407_sparse0.034_BEST_ACCURACY_SPARSITY_0.034.pt,20250707_020938,0.5974779374490411
model_cifar10_3layers_seed12_acc0.47_patch0.384_sparse0.038_BEST_PATCHABILITY_SPARSITY_0.038.pt,3,12,0.47,0.384,0.038,BEST_PATCHABILITY_SPARSITY_0.038,30.76354328993448,15277.824,data/promising_models/20250707_020938/model_cifar10_3layers_seed12_acc0.47_patch0.384_sparse0.038_BEST_PATCHABILITY_SPARSITY_0.038.pt,20250707_020938,0.5916117196551796
model_cifar10_3layers_seed12_acc0.47_patch0.384_sparse0.038_BEST_ACCURACY_GLOBAL.pt,3,12,0.47,0.384,0.038,BEST_ACCURACY_GLOBAL,30.76354328993448,15277.824,data/promising_models/20250707_020938/model_cifar10_3layers_seed12_acc0.47_patch0.384_sparse0.038_BEST_ACCURACY_GLOBAL.pt,20250707_020938,0.5916117196551796
model_cifar10_3layers_seed12_acc0.47_patch0.384_sparse0.038_BEST_EFFICIENCY_SPARSITY_0.038.pt,3,12,0.47,0.384,0.038,BEST_EFFICIENCY_SPARSITY_0.038,30.76354328993448,15277.824,data/promising_models/20250707_020938/model_cifar10_3layers_seed12_acc0.47_patch0.384_sparse0.038_BEST_EFFICIENCY_SPARSITY_0.038.pt,20250707_020938,0.5916117196551796
model_cifar10_3layers_seed12_acc0.47_patch0.384_sparse0.038_BEST_ACCURACY_SPARSITY_0.038.pt,3,12,0.47,0.384,0.038,BEST_ACCURACY_SPARSITY_0.038,30.76354328993448,15277.824,data/promising_models/20250707_020938/model_cifar10_3layers_seed12_acc0.47_patch0.384_sparse0.038_BEST_ACCURACY_SPARSITY_0.038.pt,20250707_020938,0.5916117196551796
model_cifar10_3layers_seed15_acc0.47_patch0.384_sparse0.040_BEST_EFFICIENCY_SPARSITY_0.040.pt,3,15,0.47,0.384,0.04,BEST_EFFICIENCY_SPARSITY_0.040,29.22536612543776,16081.92,data/promising_models/20250707_020938/model_cifar10_3layers_seed15_acc0.47_patch0.384_sparse0.040_BEST_EFFICIENCY_SPARSITY_0.040.pt,20250707_020938,0.586724524102579
model_cifar10_3layers_seed15_acc0.47_patch0.384_sparse0.040_BEST_PATCHABILITY_SPARSITY_0.040.pt,3,15,0.47,0.384,0.04,BEST_PATCHABILITY_SPARSITY_0.040,29.22536612543776,16081.92,data/promising_models/20250707_020938/model_cifar10_3layers_seed15_acc0.47_patch0.384_sparse0.040_BEST_PATCHABILITY_SPARSITY_0.040.pt,20250707_020938,0.586724524102579
model_cifar10_3layers_seed15_acc0.47_patch0.384_sparse0.040_BEST_ACCURACY_SPARSITY_0.040.pt,3,15,0.47,0.384,0.04,BEST_ACCURACY_SPARSITY_0.040,29.22536612543776,16081.92,data/promising_models/20250707_020938/model_cifar10_3layers_seed15_acc0.47_patch0.384_sparse0.040_BEST_ACCURACY_SPARSITY_0.040.pt,20250707_020938,0.586724524102579
model_cifar10_3layers_seed0_acc0.47_patch0.367_sparse0.042_BEST_EFFICIENCY_SPARSITY_0.042.pt,3,0,0.47,0.367,0.042,BEST_EFFICIENCY_SPARSITY_0.042,27.833682024226434,16886.016,data/promising_models/20250707_020938/model_cifar10_3layers_seed0_acc0.47_patch0.367_sparse0.042_BEST_EFFICIENCY_SPARSITY_0.042.pt,20250707_020938,0.5769680477119914
model_cifar10_3layers_seed0_acc0.47_patch0.367_sparse0.042_BEST_ACCURACY_SPARSITY_0.042.pt,3,0,0.47,0.367,0.042,BEST_ACCURACY_SPARSITY_0.042,27.833682024226434,16886.016,data/promising_models/20250707_020938/model_cifar10_3layers_seed0_acc0.47_patch0.367_sparse0.042_BEST_ACCURACY_SPARSITY_0.042.pt,20250707_020938,0.5769680477119914
model_cifar10_3layers_seed0_acc0.47_patch0.367_sparse0.042_BEST_PATCHABILITY_SPARSITY_0.042.pt,3,0,0.47,0.367,0.042,BEST_PATCHABILITY_SPARSITY_0.042,27.833682024226434,16886.016,data/promising_models/20250707_020938/model_cifar10_3layers_seed0_acc0.47_patch0.367_sparse0.042_BEST_PATCHABILITY_SPARSITY_0.042.pt,20250707_020938,0.5769680477119914
model_cifar10_3layers_seed3_acc0.47_patch0.361_sparse0.044_BEST_ACCURACY_SPARSITY_0.044.pt,3,3,0.47,0.361,0.044,BEST_ACCURACY_SPARSITY_0.044,26.568514659488873,17690.111999999997,data/promising_models/20250707_020938/model_cifar10_3layers_seed3_acc0.47_patch0.361_sparse0.044_BEST_ACCURACY_SPARSITY_0.044.pt,20250707_020938,0.5710654312899662
model_cifar10_3layers_seed3_acc0.47_patch0.361_sparse0.044_BEST_PATCHABILITY_SPARSITY_0.044.pt,3,3,0.47,0.361,0.044,BEST_PATCHABILITY_SPARSITY_0.044,26.568514659488873,17690.111999999997,data/promising_models/20250707_020938/model_cifar10_3layers_seed3_acc0.47_patch0.361_sparse0.044_BEST_PATCHABILITY_SPARSITY_0.044.pt,20250707_020938,0.5710654312899662
model_cifar10_3layers_seed3_acc0.47_patch0.361_sparse0.044_BEST_EFFICIENCY_SPARSITY_0.044.pt,3,3,0.47,0.361,0.044,BEST_EFFICIENCY_SPARSITY_0.044,26.568514659488873,17690.111999999997,data/promising_models/20250707_020938/model_cifar10_3layers_seed3_acc0.47_patch0.361_sparse0.044_BEST_EFFICIENCY_SPARSITY_0.044.pt,20250707_020938,0.5710654312899662
model_cifar10_3layers_seed3_acc0.47_patch0.361_sparse0.044_BEST_ACCURACY_GLOBAL.pt,3,3,0.47,0.361,0.044,BEST_ACCURACY_GLOBAL,26.568514659488873,17690.111999999997,data/promising_models/20250707_020938/model_cifar10_3layers_seed3_acc0.47_patch0.361_sparse0.044_BEST_ACCURACY_GLOBAL.pt,20250707_020938,0.5710654312899662
model_cifar10_3layers_seed6_acc0.47_patch0.340_sparse0.046_BEST_PATCHABILITY_SPARSITY_0.046.pt,3,6,0.47,0.34,0.046,BEST_PATCHABILITY_SPARSITY_0.046,25.413361848206748,18494.208,data/promising_models/20250707_020938/model_cifar10_3layers_seed6_acc0.47_patch0.340_sparse0.046_BEST_PATCHABILITY_SPARSITY_0.046.pt,20250707_020938,0.5608052472219028
model_cifar10_3layers_seed6_acc0.47_patch0.340_sparse0.046_BEST_ACCURACY_SPARSITY_0.046.pt,3,6,0.47,0.34,0.046,BEST_ACCURACY_SPARSITY_0.046,25.413361848206748,18494.208,data/promising_models/20250707_020938/model_cifar10_3layers_seed6_acc0.47_patch0.340_sparse0.046_BEST_ACCURACY_SPARSITY_0.046.pt,20250707_020938,0.5608052472219028
model_cifar10_3layers_seed6_acc0.47_patch0.340_sparse0.046_BEST_EFFICIENCY_SPARSITY_0.046.pt,3,6,0.47,0.34,0.046,BEST_EFFICIENCY_SPARSITY_0.046,25.413361848206748,18494.208,data/promising_models/20250707_020938/model_cifar10_3layers_seed6_acc0.47_patch0.340_sparse0.046_BEST_EFFICIENCY_SPARSITY_0.046.pt,20250707_020938,0.5608052472219028
model_cifar10_3layers_seed1_acc0.47_patch0.347_sparse0.048_BEST_PATCHABILITY_SPARSITY_0.048.pt,3,1,0.47,0.347,0.048,BEST_PATCHABILITY_SPARSITY_0.048,24.35447177119813,19298.304,data/promising_models/20250707_020938/model_cifar10_3layers_seed1_acc0.47_patch0.347_sparse0.048_BEST_PATCHABILITY_SPARSITY_0.048.pt,20250707_020938,0.5596375261915895
model_cifar10_3layers_seed1_acc0.47_patch0.347_sparse0.048_BEST_EFFICIENCY_SPARSITY_0.048.pt,3,1,0.47,0.347,0.048,BEST_EFFICIENCY_SPARSITY_0.048,24.35447177119813,19298.304,data/promising_models/20250707_020938/model_cifar10_3layers_seed1_acc0.47_patch0.347_sparse0.048_BEST_EFFICIENCY_SPARSITY_0.048.pt,20250707_020938,0.5596375261915895
model_cifar10_3layers_seed1_acc0.47_patch0.347_sparse0.048_BEST_ACCURACY_SPARSITY_0.048.pt,3,1,0.47,0.347,0.048,BEST_ACCURACY_SPARSITY_0.048,24.35447177119813,19298.304,data/promising_models/20250707_020938/model_cifar10_3layers_seed1_acc0.47_patch0.347_sparse0.048_BEST_ACCURACY_SPARSITY_0.048.pt,20250707_020938,0.5596375261915895
model_cifar10_3layers_seed9_acc0.47_patch0.345_sparse0.050_BEST_ACCURACY_GLOBAL.pt,3,9,0.47,0.345,0.05,BEST_ACCURACY_GLOBAL,23.380292900350202,20102.4,data/promising_models/20250707_020152/model_cifar10_3layers_seed9_acc0.47_patch0.345_sparse0.050_BEST_ACCURACY_GLOBAL.pt,20250707_020152,0.5559146872788475
model_cifar10_3layers_seed9_acc0.47_patch0.345_sparse0.050_BEST_PATCHABILITY_SPARSITY_0.050.pt,3,9,0.47,0.345,0.05,BEST_PATCHABILITY_SPARSITY_0.050,23.380292900350202,20102.4,data/promising_models/20250707_020152/model_cifar10_3layers_seed9_acc0.47_patch0.345_sparse0.050_BEST_PATCHABILITY_SPARSITY_0.050.pt,20250707_020152,0.5559146872788475
model_cifar10_3layers_seed9_acc0.47_patch0.345_sparse0.050_BEST_EFFICIENCY_SPARSITY_0.050.pt,3,9,0.47,0.345,0.05,BEST_EFFICIENCY_SPARSITY_0.050,23.380292900350202,20102.4,data/promising_models/20250707_020152/model_cifar10_3layers_seed9_acc0.47_patch0.345_sparse0.050_BEST_EFFICIENCY_SPARSITY_0.050.pt,20250707_020152,0.5559146872788475
model_cifar10_3layers_seed9_acc0.47_patch0.345_sparse0.050_BEST_ACCURACY_SPARSITY_0.050.pt,3,9,0.47,0.345,0.05,BEST_ACCURACY_SPARSITY_0.050,23.380292900350202,20102.4,data/promising_models/20250707_020152/model_cifar10_3layers_seed9_acc0.47_patch0.345_sparse0.050_BEST_ACCURACY_SPARSITY_0.050.pt,20250707_020152,0.5559146872788475
model_cifar10_3layers_seed1_acc0.47_patch0.188_sparse0.100_BEST_ACCURACY_SPARSITY_0.100.pt,3,1,0.47,0.188,0.1,BEST_ACCURACY_SPARSITY_0.100,11.690146450175101,40204.8,data/promising_models/20250707_020152/model_cifar10_3layers_seed1_acc0.47_patch0.188_sparse0.100_BEST_ACCURACY_SPARSITY_0.100.pt,20250707_020152,0.46950421865230524
model_cifar10_3layers_seed1_acc0.47_patch0.188_sparse0.100_BEST_PATCHABILITY_SPARSITY_0.100.pt,3,1,0.47,0.188,0.1,BEST_PATCHABILITY_SPARSITY_0.100,11.690146450175101,40204.8,data/promising_models/20250707_020152/model_cifar10_3layers_seed1_acc0.47_patch0.188_sparse0.100_BEST_PATCHABILITY_SPARSITY_0.100.pt,20250707_020152,0.46950421865230524
model_cifar10_3layers_seed1_acc0.47_patch0.188_sparse0.100_BEST_EFFICIENCY_SPARSITY_0.100.pt,3,1,0.47,0.188,0.1,BEST_EFFICIENCY_SPARSITY_0.100,11.690146450175101,40204.8,data/promising_models/20250707_020152/model_cifar10_3layers_seed1_acc0.47_patch0.188_sparse0.100_BEST_EFFICIENCY_SPARSITY_0.100.pt,20250707_020152,0.46950421865230524
model_cifar10_2layers_seed17_acc0.31_patch0.000_sparse0.010_BEST_EFFICIENCY_SPARSITY_0.010.pt,2,17,0.31,0.0,0.01,BEST_EFFICIENCY_SPARSITY_0.010,78.58127839065541,3944.96,data/promising_models/20250707_065048/model_cifar10_2layers_seed17_acc0.31_patch0.000_sparse0.010_BEST_EFFICIENCY_SPARSITY_0.010.pt,20250707_065048,0.45461816261366583
model_cifar10_2layers_seed17_acc0.31_patch0.000_sparse0.010_BEST_EFFICIENCY_GLOBAL.pt,2,17,0.31,0.0,0.01,BEST_EFFICIENCY_GLOBAL,78.58127839065541,3944.96,data/promising_models/20250707_065048/model_cifar10_2layers_seed17_acc0.31_patch0.000_sparse0.010_BEST_EFFICIENCY_GLOBAL.pt,20250707_065048,0.45461816261366583
model_cifar10_4layers_seed6_acc0.48_patch0.042_sparse0.200_BEST_ACCURACY_GLOBAL.pt,4,6,0.48,0.042,0.2,BEST_ACCURACY_GLOBAL,5.943889681407512,80755.20000000001,data/promising_models/20250707_020152/model_cifar10_4layers_seed6_acc0.48_patch0.042_sparse0.200_BEST_ACCURACY_GLOBAL.pt,20250707_020152,0.4159572577695531
model_cifar10_4layers_seed6_acc0.48_patch0.042_sparse0.200_BEST_EFFICIENCY_SPARSITY_0.200.pt,4,6,0.48,0.042,0.2,BEST_EFFICIENCY_SPARSITY_0.200,5.943889681407512,80755.20000000001,data/promising_models/20250707_020152/model_cifar10_4layers_seed6_acc0.48_patch0.042_sparse0.200_BEST_EFFICIENCY_SPARSITY_0.200.pt,20250707_020152,0.4159572577695531
model_cifar10_4layers_seed6_acc0.48_patch0.042_sparse0.200_BEST_PATCHABILITY_SPARSITY_0.200.pt,4,6,0.48,0.042,0.2,BEST_PATCHABILITY_SPARSITY_0.200,5.943889681407512,80755.20000000001,data/promising_models/20250707_020152/model_cifar10_4layers_seed6_acc0.48_patch0.042_sparse0.200_BEST_PATCHABILITY_SPARSITY_0.200.pt,20250707_020152,0.4159572577695531
model_cifar10_4layers_seed6_acc0.48_patch0.042_sparse0.200_BEST_ACCURACY_SPARSITY_0.200.pt,4,6,0.48,0.042,0.2,BEST_ACCURACY_SPARSITY_0.200,5.943889681407512,80755.20000000001,data/promising_models/20250707_020152/model_cifar10_4layers_seed6_acc0.48_patch0.042_sparse0.200_BEST_ACCURACY_SPARSITY_0.200.pt,20250707_020152,0.4159572577695531
model_cifar10_2layers_seed18_acc0.35_patch0.000_sparse0.022_BEST_EFFICIENCY_GLOBAL.pt,2,18,0.35,0.0,0.022,BEST_EFFICIENCY_GLOBAL,40.32763553772638,8678.912,data/promising_models/20250707_020938/model_cifar10_2layers_seed18_acc0.35_patch0.000_sparse0.022_BEST_EFFICIENCY_GLOBAL.pt,20250707_020938,0.3751814879917384
model_cifar10_2layers_seed18_acc0.35_patch0.000_sparse0.022_BEST_EFFICIENCY_SPARSITY_0.022.pt,2,18,0.35,0.0,0.022,BEST_EFFICIENCY_SPARSITY_0.022,40.32763553772638,8678.912,data/promising_models/20250707_020938/model_cifar10_2layers_seed18_acc0.35_patch0.000_sparse0.022_BEST_EFFICIENCY_SPARSITY_0.022.pt,20250707_020938,0.3751814879917384
model_cifar10_2layers_seed6_acc0.36_patch0.000_sparse0.026_BEST_EFFICIENCY_SPARSITY_0.026.pt,2,6,0.36,0.0,0.026,BEST_EFFICIENCY_SPARSITY_0.026,35.09833774272451,10256.895999999999,data/promising_models/20250707_020938/model_cifar10_2layers_seed6_acc0.36_patch0.000_sparse0.026_BEST_EFFICIENCY_SPARSITY_0.026.pt,20250707_020938,0.36909294203651916
model_cifar10_2layers_seed6_acc0.36_patch0.000_sparse0.026_BEST_EFFICIENCY_GLOBAL.pt,2,6,0.36,0.0,0.026,BEST_EFFICIENCY_GLOBAL,35.09833774272451,10256.895999999999,data/promising_models/20250707_020938/model_cifar10_2layers_seed6_acc0.36_patch0.000_sparse0.026_BEST_EFFICIENCY_GLOBAL.pt,20250707_020938,0.36909294203651916
model_cifar10_2layers_seed6_acc0.35_patch0.000_sparse0.024_BEST_EFFICIENCY_GLOBAL.pt,2,6,0.35,0.0,0.024,BEST_EFFICIENCY_GLOBAL,36.96699924291585,9467.904,data/promising_models/20250707_020938/model_cifar10_2layers_seed6_acc0.35_patch0.000_sparse0.024_BEST_EFFICIENCY_GLOBAL.pt,20250707_020938,0.36450385791569984
model_cifar10_2layers_seed6_acc0.35_patch0.000_sparse0.024_BEST_EFFICIENCY_SPARSITY_0.024.pt,2,6,0.35,0.0,0.024,BEST_EFFICIENCY_SPARSITY_0.024,36.96699924291585,9467.904,data/promising_models/20250707_020938/model_cifar10_2layers_seed6_acc0.35_patch0.000_sparse0.024_BEST_EFFICIENCY_SPARSITY_0.024.pt,20250707_020938,0.36450385791569984
model_cifar10_3layers_seed10_acc0.10_patch0.956_sparse0.010_BEST_PATCHABILITY_GLOBAL.pt,3,10,0.1,0.956,0.01,BEST_PATCHABILITY_GLOBAL,24.87265202164916,4020.48,data/promising_models/20250707_065048/model_cifar10_3layers_seed10_acc0.10_patch0.956_sparse0.010_BEST_PATCHABILITY_GLOBAL.pt,20250707_065048,0.3629190242568249
model_cifar10_3layers_seed10_acc0.10_patch0.956_sparse0.010_BEST_EFFICIENCY_SPARSITY_0.010.pt,3,10,0.1,0.956,0.01,BEST_EFFICIENCY_SPARSITY_0.010,24.87265202164916,4020.48,data/promising_models/20250707_065048/model_cifar10_3layers_seed10_acc0.10_patch0.956_sparse0.010_BEST_EFFICIENCY_SPARSITY_0.010.pt,20250707_065048,0.3629190242568249
model_cifar10_3layers_seed10_acc0.10_patch0.956_sparse0.010_BEST_EFFICIENCY_GLOBAL.pt,3,10,0.1,0.956,0.01,BEST_EFFICIENCY_GLOBAL,24.87265202164916,4020.48,data/promising_models/20250707_065048/model_cifar10_3layers_seed10_acc0.10_patch0.956_sparse0.010_BEST_EFFICIENCY_GLOBAL.pt,20250707_065048,0.3629190242568249
model_cifar10_3layers_seed10_acc0.10_patch0.956_sparse0.010_BEST_PATCHABILITY_SPARSITY_0.010.pt,3,10,0.1,0.956,0.01,BEST_PATCHABILITY_SPARSITY_0.010,24.87265202164916,4020.48,data/promising_models/20250707_065048/model_cifar10_3layers_seed10_acc0.10_patch0.956_sparse0.010_BEST_PATCHABILITY_SPARSITY_0.010.pt,20250707_065048,0.3629190242568249
model_cifar10_2layers_seed7_acc0.36_patch0.000_sparse0.028_BEST_EFFICIENCY_GLOBAL.pt,2,7,0.36,0.0,0.028,BEST_EFFICIENCY_GLOBAL,32.59131361824418,11045.888,data/promising_models/20250707_020938/model_cifar10_2layers_seed7_acc0.36_patch0.000_sparse0.028_BEST_EFFICIENCY_GLOBAL.pt,20250707_020938,0.36112746352453556
model_cifar10_2layers_seed7_acc0.36_patch0.000_sparse0.028_BEST_EFFICIENCY_SPARSITY_0.028.pt,2,7,0.36,0.0,0.028,BEST_EFFICIENCY_SPARSITY_0.028,32.59131361824418,11045.888,data/promising_models/20250707_020938/model_cifar10_2layers_seed7_acc0.36_patch0.000_sparse0.028_BEST_EFFICIENCY_SPARSITY_0.028.pt,20250707_020938,0.36112746352453556
model_cifar10_2layers_seed13_acc0.37_patch0.000_sparse0.034_BEST_EFFICIENCY_SPARSITY_0.034.pt,2,13,0.37,0.0,0.034,BEST_EFFICIENCY_SPARSITY_0.034,27.585458258579223,13412.864000000001,data/promising_models/20250707_020938/model_cifar10_2layers_seed13_acc0.37_patch0.000_sparse0.034_BEST_EFFICIENCY_SPARSITY_0.034.pt,20250707_020938,0.3557488532655714
model_cifar10_2layers_seed13_acc0.37_patch0.000_sparse0.034_BEST_EFFICIENCY_GLOBAL.pt,2,13,0.37,0.0,0.034,BEST_EFFICIENCY_GLOBAL,27.585458258579223,13412.864000000001,data/promising_models/20250707_020938/model_cifar10_2layers_seed13_acc0.37_patch0.000_sparse0.034_BEST_EFFICIENCY_GLOBAL.pt,20250707_020938,0.3557488532655714
model_cifar10_2layers_seed2_acc0.36_patch0.000_sparse0.030_BEST_EFFICIENCY_GLOBAL.pt,2,2,0.36,0.0,0.03,BEST_EFFICIENCY_GLOBAL,30.418559377027904,11834.88,data/promising_models/20250707_020938/model_cifar10_2layers_seed2_acc0.36_patch0.000_sparse0.030_BEST_EFFICIENCY_GLOBAL.pt,20250707_020938,0.3542240488141498
model_cifar10_2layers_seed2_acc0.36_patch0.000_sparse0.030_BEST_EFFICIENCY_SPARSITY_0.030.pt,2,2,0.36,0.0,0.03,BEST_EFFICIENCY_SPARSITY_0.030,30.418559377027904,11834.88,data/promising_models/20250707_020938/model_cifar10_2layers_seed2_acc0.36_patch0.000_sparse0.030_BEST_EFFICIENCY_SPARSITY_0.030.pt,20250707_020938,0.3542240488141498
model_cifar10_2layers_seed13_acc0.37_patch0.000_sparse0.036_BEST_EFFICIENCY_SPARSITY_0.036.pt,2,13,0.37,0.0,0.036,BEST_EFFICIENCY_SPARSITY_0.036,26.05293279976927,14201.856,data/promising_models/20250707_020938/model_cifar10_2layers_seed13_acc0.37_patch0.000_sparse0.036_BEST_EFFICIENCY_SPARSITY_0.036.pt,20250707_020938,0.35087961467627427
model_cifar10_2layers_seed13_acc0.37_patch0.000_sparse0.036_BEST_EFFICIENCY_GLOBAL.pt,2,13,0.37,0.0,0.036,BEST_EFFICIENCY_GLOBAL,26.05293279976927,14201.856,data/promising_models/20250707_020938/model_cifar10_2layers_seed13_acc0.37_patch0.000_sparse0.036_BEST_EFFICIENCY_GLOBAL.pt,20250707_020938,0.35087961467627427
model_cifar10_2layers_seed6_acc0.36_patch0.000_sparse0.032_BEST_EFFICIENCY_SPARSITY_0.032.pt,2,6,0.36,0.0,0.032,BEST_EFFICIENCY_SPARSITY_0.032,28.51739941596366,12623.872,data/promising_models/20250707_020938/model_cifar10_2layers_seed6_acc0.36_patch0.000_sparse0.032_BEST_EFFICIENCY_SPARSITY_0.032.pt,20250707_020938,0.3481835609425622
model_cifar10_2layers_seed6_acc0.36_patch0.000_sparse0.032_BEST_EFFICIENCY_GLOBAL.pt,2,6,0.36,0.0,0.032,BEST_EFFICIENCY_GLOBAL,28.51739941596366,12623.872,data/promising_models/20250707_020938/model_cifar10_2layers_seed6_acc0.36_patch0.000_sparse0.032_BEST_EFFICIENCY_GLOBAL.pt,20250707_020938,0.3481835609425622
model_cifar10_2layers_seed10_acc0.37_patch0.000_sparse0.038_BEST_EFFICIENCY_SPARSITY_0.038.pt,2,10,0.37,0.0,0.038,BEST_EFFICIENCY_SPARSITY_0.038,24.68172581030773,14990.848,data/promising_models/20250707_020938/model_cifar10_2layers_seed10_acc0.37_patch0.000_sparse0.038_BEST_EFFICIENCY_SPARSITY_0.038.pt,20250707_020938,0.3465229275174294
model_cifar10_2layers_seed4_acc0.38_patch0.000_sparse0.046_BEST_EFFICIENCY_SPARSITY_0.046.pt,2,4,0.38,0.0,0.046,BEST_EFFICIENCY_SPARSITY_0.046,20.94031261462066,18146.816,data/promising_models/20250707_020938/model_cifar10_2layers_seed4_acc0.38_patch0.000_sparse0.046_BEST_EFFICIENCY_SPARSITY_0.046.pt,20250707_020938,0.3451617843376462
model_cifar10_2layers_seed4_acc0.38_patch0.000_sparse0.046_BEST_EFFICIENCY_GLOBAL.pt,2,4,0.38,0.0,0.046,BEST_EFFICIENCY_GLOBAL,20.94031261462066,18146.816,data/promising_models/20250707_020938/model_cifar10_2layers_seed4_acc0.38_patch0.000_sparse0.046_BEST_EFFICIENCY_GLOBAL.pt,20250707_020938,0.3451617843376462
model_cifar10_2layers_seed10_acc0.37_patch0.000_sparse0.040_BEST_EFFICIENCY_GLOBAL.pt,2,10,0.37,0.0,0.04,BEST_EFFICIENCY_GLOBAL,23.447639519792343,15779.84,data/promising_models/20250707_020938/model_cifar10_2layers_seed10_acc0.37_patch0.000_sparse0.040_BEST_EFFICIENCY_GLOBAL.pt,20250707_020938,0.3426019090744691
model_cifar10_2layers_seed10_acc0.37_patch0.000_sparse0.040_BEST_EFFICIENCY_SPARSITY_0.040.pt,2,10,0.37,0.0,0.04,BEST_EFFICIENCY_SPARSITY_0.040,23.447639519792343,15779.84,data/promising_models/20250707_020938/model_cifar10_2layers_seed10_acc0.37_patch0.000_sparse0.040_BEST_EFFICIENCY_SPARSITY_0.040.pt,20250707_020938,0.3426019090744691
model_cifar10_2layers_seed2_acc0.38_patch0.000_sparse0.048_BEST_EFFICIENCY_SPARSITY_0.048.pt,2,2,0.38,0.0,0.048,BEST_EFFICIENCY_SPARSITY_0.048,20.06779958901146,18935.808,data/promising_models/20250707_020938/model_cifar10_2layers_seed2_acc0.38_patch0.000_sparse0.048_BEST_EFFICIENCY_SPARSITY_0.048.pt,20250707_020938,0.3423895797588983
model_cifar10_2layers_seed2_acc0.38_patch0.000_sparse0.048_BEST_EFFICIENCY_GLOBAL.pt,2,2,0.38,0.0,0.048,BEST_EFFICIENCY_GLOBAL,20.06779958901146,18935.808,data/promising_models/20250707_020938/model_cifar10_2layers_seed2_acc0.38_patch0.000_sparse0.048_BEST_EFFICIENCY_GLOBAL.pt,20250707_020938,0.3423895797588983
model_cifar10_2layers_seed6_acc0.37_patch0.000_sparse0.042_BEST_EFFICIENCY_GLOBAL.pt,2,6,0.37,0.0,0.042,BEST_EFFICIENCY_GLOBAL,22.331085256945084,16568.832000000002,data/promising_models/20250707_020938/model_cifar10_2layers_seed6_acc0.37_patch0.000_sparse0.042_BEST_EFFICIENCY_GLOBAL.pt,20250707_020938,0.33905432095940974
model_cifar10_2layers_seed6_acc0.37_patch0.000_sparse0.042_BEST_EFFICIENCY_SPARSITY_0.042.pt,2,6,0.37,0.0,0.042,BEST_EFFICIENCY_SPARSITY_0.042,22.331085256945084,16568.832000000002,data/promising_models/20250707_020938/model_cifar10_2layers_seed6_acc0.37_patch0.000_sparse0.042_BEST_EFFICIENCY_SPARSITY_0.042.pt,20250707_020938,0.33905432095940974
model_cifar10_2layers_seed19_acc0.37_patch0.000_sparse0.044_BEST_EFFICIENCY_SPARSITY_0.044.pt,2,19,0.37,0.0,0.044,BEST_EFFICIENCY_SPARSITY_0.044,21.316035927083945,17357.824,data/promising_models/20250707_020938/model_cifar10_2layers_seed19_acc0.37_patch0.000_sparse0.044_BEST_EFFICIENCY_SPARSITY_0.044.pt,20250707_020938,0.3358292408548103
model_cifar10_2layers_seed7_acc0.37_patch0.000_sparse0.050_BEST_EFFICIENCY_GLOBAL.pt,2,7,0.37,0.0,0.05,BEST_EFFICIENCY_GLOBAL,18.75811161583387,19724.800000000003,data/promising_models/20250707_020152/model_cifar10_2layers_seed7_acc0.37_patch0.000_sparse0.050_BEST_EFFICIENCY_GLOBAL.pt,20250707_020152,0.3277020389912198
model_cifar10_2layers_seed7_acc0.37_patch0.000_sparse0.050_BEST_EFFICIENCY_SPARSITY_0.050.pt,2,7,0.37,0.0,0.05,BEST_EFFICIENCY_SPARSITY_0.050,18.75811161583387,19724.800000000003,data/promising_models/20250707_020152/model_cifar10_2layers_seed7_acc0.37_patch0.000_sparse0.050_BEST_EFFICIENCY_SPARSITY_0.050.pt,20250707_020152,0.3277020389912198
model_cifar10_2layers_seed6_acc0.40_patch0.000_sparse0.200_BEST_EFFICIENCY_SPARSITY_0.200.pt,2,6,0.4,0.0,0.2,BEST_EFFICIENCY_SPARSITY_0.200,5.069759896171316,78899.20000000001,data/promising_models/20250707_020152/model_cifar10_2layers_seed6_acc0.40_patch0.000_sparse0.200_BEST_EFFICIENCY_SPARSITY_0.200.pt,20250707_020152,0.3157894736842106
model_cifar10_2layers_seed6_acc0.40_patch0.000_sparse0.200_BEST_EFFICIENCY_GLOBAL.pt,2,6,0.4,0.0,0.2,BEST_EFFICIENCY_GLOBAL,5.069759896171316,78899.20000000001,data/promising_models/20250707_020152/model_cifar10_2layers_seed6_acc0.40_patch0.000_sparse0.200_BEST_EFFICIENCY_GLOBAL.pt,20250707_020152,0.3157894736842106
model_cifar10_2layers_seed4_acc0.38_patch0.000_sparse0.100_BEST_EFFICIENCY_SPARSITY_0.100.pt,2,4,0.38,0.0,0.1,BEST_EFFICIENCY_SPARSITY_0.100,9.6325438027255,39449.600000000006,data/promising_models/20250707_020152/model_cifar10_2layers_seed4_acc0.38_patch0.000_sparse0.100_BEST_EFFICIENCY_SPARSITY_0.100.pt,20250707_020152,0.3092340129970733
model_cifar10_2layers_seed4_acc0.38_patch0.000_sparse0.100_BEST_EFFICIENCY_GLOBAL.pt,2,4,0.38,0.0,0.1,BEST_EFFICIENCY_GLOBAL,9.6325438027255,39449.600000000006,data/promising_models/20250707_020152/model_cifar10_2layers_seed4_acc0.38_patch0.000_sparse0.100_BEST_EFFICIENCY_GLOBAL.pt,20250707_020152,0.3092340129970733
